Player,Game,Place,Died At,Times Around Board,Money,Total Asset Value,Houses,Hotels
0,0,4,69,12,0,775,0,0
0,1,3,68,12,0,847,0,0
0,2,3,34,4,0,231,0,0
0,3,3,75,12,0,1040,0,0
0,4,0,0,29,453,1618,3,0
0,5,3,50,7,0,324,0,0
0,6,3,53,9,0,307,0,0
0,7,4,38,5,0,143,0,0
0,8,2,88,12,0,1245,0,0
0,9,3,32,4,0,561,0,0
0,10,3,40,6,0,447,0,0
0,11,4,65,9,0,457,0,0
0,12,1,80,14,1173,8503,9,4
0,13,0,0,28,5,2680,0,0
0,14,4,50,7,0,779,5,0
0,15,4,29,4,0,0,0,0
0,16,2,77,13,0,699,0,0
0,17,3,38,6,0,827,0,0
0,18,2,99,13,0,577,0,0
0,19,3,19,3,0,449,0,0
0,20,1,68,11,5681,12831,0,5
0,21,2,67,11,0,327,0,0
0,22,3,43,7,0,652,0,0
0,23,4,54,9,0,795,0,0
0,24,4,43,5,0,102,0,0
0,25,3,106,15,0,285,0,0
0,26,4,74,12,0,616,0,0
0,27,1,42,6,3807,8627,0,3
0,28,4,48,6,0,483,0,0
0,29,4,38,7,0,720,0,0
0,30,1,81,11,3784,12444,0,7
0,31,1,88,11,1513,9793,0,7
0,32,2,81,13,0,1050,0,0
0,33,1,43,8,6118,10018,0,3
0,34,2,74,11,0,0,10,0
0,35,1,74,13,3434,10854,0,11
0,36,4,51,7,0,436,0,0
0,37,4,45,7,0,0,0,0
0,38,1,41,8,2682,9592,15,3
0,39,4,35,5,0,511,0,0
0,40,2,65,10,0,43,0,2
0,41,2,114,20,0,465,0,0
0,42,1,39,6,5957,10407,0,3
0,43,1,46,7,5273,9193,0,3
0,44,2,80,15,0,710,0,0
0,45,1,129,19,3094,11414,0,11
0,46,1,86,16,7754,13744,0,7
0,47,2,175,28,0,0,0,0
0,48,4,47,6,0,0,0,0
0,49,1,45,7,6591,9801,0,3
0,50,4,104,15,0,647,5,0
0,51,2,83,12,0,0,0,0
0,52,4,55,5,0,260,0,0
0,53,2,71,9,0,352,0,0
0,54,3,81,13,0,797,12,0
0,55,4,64,10,0,0,0,0
0,56,4,39,6,0,352,0,0
0,57,4,24,4,0,680,0,0
0,58,3,113,18,0,0,4,0
0,59,3,31,5,0,0,0,0
0,60,4,55,9,0,0,0,0
0,61,4,35,4,0,423,0,0
0,62,4,31,4,0,683,0,0
0,63,3,60,7,0,169,0,0
0,64,2,60,9,0,0,0,0
0,65,2,31,4,0,0,0,0
0,66,1,43,8,4441,8951,0,3
0,67,2,105,19,0,922,0,1
0,68,2,46,7,0,122,0,0
0,69,4,35,6,0,740,0,0
0,70,2,68,12,0,609,10,0
0,71,3,76,11,0,1066,0,0
0,72,4,24,4,0,618,0,0
0,73,4,57,7,0,0,0,0
0,74,4,43,5,0,327,0,0
0,75,2,37,5,0,442,0,0
0,76,2,121,16,0,847,0,2
0,77,3,36,6,0,167,0,0
0,78,4,31,4,0,564,0,0
0,79,2,98,14,0,1315,0,0
0,80,1,76,11,5172,10642,0,3
0,81,2,33,5,0,287,0,0
0,82,3,51,8,0,788,0,0
0,83,3,25,4,0,281,0,0
0,84,3,60,8,0,374,0,0
0,85,1,70,13,1695,12555,0,10
0,86,4,55,10,0,586,0,0
0,87,1,87,14,2002,10152,8,5
0,88,4,44,6,0,493,0,0
0,89,1,31,4,5264,8934,0,3
0,90,4,45,5,0,0,0,0
0,91,2,111,18,0,802,5,0
0,92,3,28,4,0,41,0,0
0,93,1,69,12,2519,8399,0,5
0,94,3,76,13,0,0,0,0
0,95,4,27,4,0,160,0,0
0,96,4,30,4,0,0,6,0
0,97,4,25,3,0,389,0,0
0,98,0,0,27,11,2061,0,0
0,99,2,119,22,0,745,0,0
0,100,1,71,10,6232,11132,0,5
0,101,4,40,7,0,342,0,0
0,102,3,40,6,0,424,0,0
0,103,0,0,28,2382,3942,0,0
0,104,1,93,15,5174,12484,0,6
0,105,3,194,29,0,616,4,0
0,106,1,77,11,3110,12360,0,9
0,107,4,37,6,0,192,0,0
0,108,3,57,10,0,435,0,0
0,109,4,62,8,0,578,4,0
0,110,0,0,24,1176,4266,9,2
0,111,4,35,4,0,0,0,0
0,112,4,35,6,0,399,4,0
0,113,2,165,27,0,846,16,2
0,114,1,72,10,7512,12612,0,6
0,115,3,73,12,0,531,0,0
0,116,1,94,14,7647,13157,0,6
0,117,3,38,6,0,492,0,0
0,118,2,81,15,0,718,6,0
0,119,3,37,6,0,97,0,0
0,120,4,46,8,0,578,0,2
0,121,2,70,11,0,112,0,0
0,122,2,98,16,0,933,0,0
0,123,1,74,14,6095,11535,0,3
0,124,4,31,5,0,541,0,0
0,125,3,43,6,0,0,0,0
0,126,0,0,30,6500,7880,0,2
0,127,4,32,5,0,353,0,0
0,128,1,80,14,3562,8662,0,3
0,129,4,27,3,0,149,0,0
0,130,2,47,4,0,0,0,0
0,131,0,0,26,548,1568,0,0
0,132,2,72,11,0,767,0,0
0,133,1,91,12,4596,10346,0,6
0,134,4,37,7,0,168,0,0
0,135,2,91,15,0,155,4,0
0,136,4,42,7,0,418,0,2
0,137,2,74,10,0,0,0,0
0,138,2,47,7,0,78,0,0
0,139,3,76,11,0,232,0,0
0,140,4,45,8,0,586,0,0
0,141,2,93,14,0,483,4,0
0,142,4,59,7,0,216,0,0
0,143,1,166,24,14488,22628,0,8
0,144,3,29,2,0,350,0,0
0,145,4,61,7,0,420,0,0
0,146,2,112,19,0,1225,0,2
0,147,4,113,17,0,578,0,0
0,148,3,71,11,0,611,0,0
0,149,2,72,12,0,514,0,0
0,150,0,0,29,508,1928,0,0
0,151,4,27,4,0,616,0,0
0,152,4,75,13,0,591,0,0
0,153,4,24,3,0,115,0,0
0,154,3,46,6,0,0,0,0
0,155,3,45,8,0,824,0,0
0,156,2,64,9,0,587,0,0
0,157,4,40,6,0,845,0,0
0,158,3,41,7,0,303,0,0
0,159,1,71,9,4521,13491,0,8
0,160,0,0,30,611,2631,0,1
0,161,1,51,9,1889,9789,0,11
0,162,1,105,11,4869,13419,0,8
0,163,3,58,11,0,103,0,0
0,164,2,147,25,0,895,0,0
0,165,4,31,5,0,0,0,0
0,166,2,44,7,0,486,0,0
0,167,4,38,6,0,99,0,0
0,168,4,32,5,0,0,0,0
0,169,4,49,7,0,0,0,0
0,170,3,85,14,0,663,6,0
0,171,3,79,12,0,0,0,0
0,172,3,51,7,0,281,0,0
0,173,3,41,6,0,571,0,0
0,174,3,58,8,0,359,0,0
0,175,2,106,15,0,751,0,0
0,176,4,39,6,0,93,0,0
0,177,3,44,7,0,115,6,0
0,178,1,39,5,3358,9128,0,6
0,179,3,137,20,0,0,0,0
0,180,4,46,8,0,154,0,0
0,181,4,24,4,0,431,0,0
0,182,4,60,11,0,348,0,0
0,183,2,79,12,0,560,0,0
0,184,0,0,30,1237,2257,0,0
0,185,3,78,11,0,128,0,0
0,186,1,69,10,7565,10805,0,3
0,187,2,91,15,0,736,0,0
0,188,1,183,29,1816,8966,9,5
0,189,4,52,8,0,249,0,0
0,190,2,42,5,0,70,0,0
0,191,4,19,3,0,580,0,0
0,192,1,46,5,7039,10669,0,3
0,193,2,88,15,0,1046,0,0
0,194,4,30,4,0,466,0,0
0,195,4,42,6,0,86,0,1
0,196,3,61,10,0,223,0,0
0,197,2,60,9,0,475,0,0
0,198,4,45,7,0,505,0,0
0,199,2,77,10,0,1,8,0
0,200,4,36,6,0,887,0,0
0,201,1,40,8,6067,10257,0,6
0,202,1,34,6,5055,8415,0,3
0,203,4,38,6,0,199,0,0
0,204,4,37,3,0,636,0,0
0,205,2,66,12,0,1275,0,0
0,206,4,40,5,0,300,0,0
0,207,4,54,8,0,185,4,0
0,208,3,71,9,0,520,0,0
0,209,4,66,11,0,33,0,0
0,210,1,63,8,1411,6671,0,5
0,211,3,38,5,0,569,0,0
0,212,0,0,29,1772,8442,15,2
0,213,2,120,19,0,1072,0,0
0,214,3,26,3,0,0,0,0
0,215,4,50,6,0,617,0,0
0,216,3,79,11,0,510,0,0
0,217,4,31,5,0,180,0,0
0,218,3,72,10,0,0,0,0
0,219,1,52,6,4918,8918,0,3
0,220,3,70,13,0,814,8,1
0,221,2,45,7,0,0,0,0
0,222,4,49,7,0,605,0,0
0,223,4,37,6,0,461,0,0
0,224,3,47,8,0,831,0,0
0,225,2,47,8,0,478,0,0
0,226,1,77,12,6964,11884,0,2
0,227,4,56,8,0,895,6,0
0,228,3,50,9,0,1265,0,0
0,229,4,47,7,0,143,0,0
0,230,2,54,7,0,442,0,0
0,231,4,40,7,0,561,0,0
0,232,3,57,9,0,450,2,0
0,233,3,32,4,0,140,0,0
0,234,1,41,4,2667,7297,0,6
0,235,4,23,4,0,395,4,0
0,236,1,68,13,5923,10263,0,3
0,237,3,60,9,0,380,0,0
0,238,2,68,12,0,922,4,0
0,239,4,26,4,0,263,0,0
0,240,3,47,5,0,0,0,0
0,241,2,85,9,0,520,0,0
0,242,4,38,7,0,627,0,0
0,243,3,65,10,0,0,0,0
0,244,1,39,6,1730,8620,16,3
0,245,1,45,7,5519,9849,0,3
0,246,3,42,7,0,0,0,0
0,247,3,77,11,0,516,0,0
0,248,4,76,12,0,975,0,0
0,249,4,39,6,0,643,0,0
0,250,4,40,7,0,199,0,0
0,251,4,45,7,0,244,0,0
0,252,4,55,10,0,311,0,0
0,253,2,57,9,0,1242,0,0
0,254,4,52,9,0,0,4,0
0,255,4,31,5,0,610,0,0
0,256,2,65,7,0,1119,0,0
0,257,2,107,15,0,472,0,0
0,258,2,56,9,0,0,0,0
0,259,4,30,4,0,605,0,0
0,260,2,83,12,0,0,0,0
0,261,1,73,10,2428,10238,0,8
0,262,4,53,8,0,0,0,0
0,263,0,0,31,671,3436,6,0
0,264,0,0,35,291,6871,23,4
0,265,0,0,30,642,5202,0,1
0,266,2,63,11,0,0,0,0
0,267,4,64,11,0,330,0,0
0,268,4,49,6,0,104,0,0
0,269,3,62,8,0,798,4,0
0,270,4,32,6,0,577,0,0
0,271,2,44,7,0,789,0,0
0,272,3,45,8,0,0,2,0
0,273,3,64,11,0,577,0,0
0,274,1,65,9,1979,9819,8,6
0,275,2,61,9,0,0,0,0
0,276,3,55,8,0,664,0,0
0,277,3,56,9,0,192,0,0
0,278,2,73,10,0,480,0,0
0,279,0,0,32,25,2515,11,0
0,280,4,50,7,0,379,0,0
0,281,3,81,10,0,332,0,0
0,282,3,36,5,0,288,0,0
0,283,4,53,6,0,222,0,0
0,284,3,56,9,0,844,0,0
0,285,3,79,12,0,655,6,0
0,286,2,41,7,0,0,0,0
0,287,2,137,23,0,1236,6,0
0,288,2,91,15,0,775,0,0
0,289,3,69,10,0,0,0,0
0,290,2,91,15,0,651,0,0
0,291,4,21,3,0,169,0,0
0,292,1,57,8,2775,10275,0,6
0,293,3,43,7,0,393,0,0
0,294,1,39,6,4882,10352,0,3
0,295,1,76,10,2405,8405,0,8
0,296,3,101,13,0,817,8,0
0,297,1,72,10,6429,11649,0,5
0,298,2,66,12,0,0,0,2
0,299,4,62,9,0,0,0,0
0,300,4,50,8,0,432,0,0
0,301,3,61,9,0,490,0,0
0,302,2,63,9,0,377,0,0
0,303,1,63,10,1755,9425,15,8
0,304,1,43,6,1627,9817,15,6
0,305,4,71,11,0,660,0,0
0,306,1,71,11,7213,12323,0,5
0,307,2,70,10,0,0,0,0
0,308,4,42,6,0,0,0,0
0,309,3,46,7,0,288,0,0
0,310,3,55,9,0,525,4,0
0,311,4,59,6,0,342,0,0
0,312,1,91,16,3043,14363,0,10
0,313,3,39,6,0,880,0,0
0,314,4,37,6,0,508,0,0
0,315,4,39,6,0,169,0,0
0,316,3,64,10,0,76,0,0
0,317,4,48,8,0,0,0,0
0,318,1,73,13,8245,14165,0,5
0,319,4,19,2,0,0,0,0
0,320,2,74,11,0,0,0,0
0,321,3,54,8,0,337,0,0
0,322,1,70,11,4871,10351,0,3
0,323,1,94,16,5481,14171,0,8
0,324,2,68,9,0,598,6,0
0,325,1,75,11,2680,10850,0,8
0,326,1,75,12,5653,10373,0,3
0,327,1,79,12,1955,9755,0,7
0,328,1,47,8,3669,9759,0,5
0,329,2,61,10,0,1010,0,0
0,330,3,27,4,0,0,0,0
0,331,4,60,10,0,311,0,0
0,332,4,38,6,0,159,0,0
0,333,1,74,11,6611,11181,0,5
0,334,4,40,4,0,0,0,0
0,335,3,39,2,0,0,0,0
0,336,0,0,33,603,2553,7,2
0,337,0,0,28,547,7387,0,5
0,338,4,37,6,0,511,0,0
0,339,1,57,7,2122,10452,0,9
0,340,3,56,10,0,640,0,0
0,341,1,108,18,2019,11159,9,5
0,342,3,90,15,0,716,8,0
0,343,4,49,4,0,414,0,0
0,344,1,63,10,4769,11969,0,7
0,345,4,54,9,0,490,5,1
0,346,3,56,9,0,176,0,0
0,347,3,54,10,0,215,0,0
0,348,4,34,5,0,429,0,0
0,349,2,158,23,0,809,0,2
0,350,4,66,11,0,0,0,0
0,351,1,68,10,6079,10509,0,3
0,352,4,50,8,0,279,0,0
0,353,4,47,4,0,178,0,0
0,354,3,63,10,0,304,0,0
0,355,4,85,13,0,786,0,0
0,356,3,45,7,0,191,0,0
0,357,1,65,9,6812,11482,0,3
0,358,3,65,7,0,0,0,0
0,359,3,49,6,0,52,0,0
0,360,3,47,7,0,0,0,0
0,361,4,46,8,0,172,0,0
0,362,4,55,9,0,499,0,0
0,363,3,31,4,0,280,0,0
0,364,2,59,8,0,0,0,0
0,365,2,49,7,0,795,0,0
0,366,2,63,10,0,0,0,0
0,367,2,112,15,0,846,0,0
0,368,2,92,13,0,0,0,0
0,369,3,61,12,0,693,0,0
0,370,4,85,11,0,512,0,0
0,371,3,42,7,0,306,0,0
0,372,1,186,29,9378,19818,0,10
0,373,2,127,19,0,173,8,2
0,374,3,59,8,0,0,0,0
0,375,3,33,5,0,225,0,0
0,376,3,59,10,0,414,0,0
0,377,4,67,11,0,0,0,0
0,378,2,63,8,0,0,0,0
0,379,4,62,10,0,0,0,0
0,380,1,54,10,1929,9399,0,6
0,381,3,100,15,0,539,0,0
0,382,3,69,11,0,90,0,0
0,383,3,57,9,0,887,0,0
0,384,4,47,8,0,336,8,0
0,385,2,107,16,0,852,0,0
0,386,3,47,8,0,0,0,0
0,387,0,0,31,12892,20362,0,5
0,388,2,92,13,0,915,0,0
0,389,1,54,10,5043,12083,0,6
0,390,3,49,7,0,404,0,0
0,391,4,30,5,0,0,0,0
0,392,1,64,12,5223,11933,0,6
0,393,1,55,9,6434,12474,0,5
0,394,2,53,9,0,492,6,0
0,395,4,43,5,0,0,0,0
0,396,3,52,7,0,746,0,0
0,397,4,43,6,0,34,0,2
0,398,4,39,7,0,565,0,0
0,399,0,0,31,668,3438,8,0
0,400,0,0,28,5,3115,4,0
0,401,1,49,8,3169,9739,0,6
0,402,4,45,7,0,0,0,0
0,403,3,66,9,0,928,0,0
0,404,4,53,8,0,990,4,0
0,405,3,54,8,0,367,0,0
0,406,1,134,19,1086,11556,9,11
0,407,2,41,7,0,925,0,0
0,408,4,43,8,0,695,0,0
0,409,1,76,12,1234,7554,16,3
0,410,4,41,5,0,0,0,0
0,411,4,30,4,0,0,0,0
0,412,2,51,7,0,785,0,0
0,413,1,46,7,3437,8607,0,3
0,414,3,58,8,0,834,0,0
0,415,4,44,7,0,0,4,0
0,416,4,65,9,0,436,0,0
0,417,4,38,6,0,0,0,0
0,418,2,39,6,0,0,0,0
0,419,1,63,10,1787,10197,0,9
0,420,3,75,12,0,999,0,0
0,421,3,62,11,0,236,0,0
0,422,4,23,3,0,567,0,0
0,423,4,20,3,0,235,0,0
0,424,2,64,8,0,384,0,0
0,425,3,63,12,0,374,0,0
0,426,0,0,32,634,2329,0,0
0,427,4,57,8,0,141,0,0
0,428,3,42,6,0,824,0,0
0,429,4,43,6,0,116,0,0
0,430,3,51,8,0,0,4,0
0,431,4,23,3,0,639,0,0
0,432,4,37,6,0,221,0,0
0,433,2,58,9,0,885,0,0
0,434,0,0,33,5,2345,2,0
0,435,3,129,21,0,1059,0,0
0,436,3,46,7,0,6,0,0
0,437,2,47,6,0,317,0,0
0,438,4,57,8,0,624,0,0
0,439,4,25,3,0,72,0,0
0,440,3,78,12,0,65,0,0
0,441,4,29,4,0,699,0,0
0,442,4,53,8,0,599,0,0
0,443,4,26,4,0,129,0,0
0,444,2,52,7,0,0,0,0
0,445,1,100,16,901,11121,0,12
0,446,3,69,9,0,0,0,0
0,447,4,30,5,0,497,0,0
0,448,4,45,7,0,837,0,0
0,449,2,99,16,0,1022,0,0
0,450,2,74,11,0,1111,6,0
0,451,4,44,7,0,0,0,0
0,452,2,75,12,0,203,7,0
0,453,2,49,8,0,260,0,0
0,454,3,43,7,0,219,4,0
0,455,3,57,8,0,345,0,0
0,456,2,70,8,0,376,0,0
0,457,2,80,14,0,372,0,0
0,458,4,71,12,0,725,6,0
0,459,3,26,4,0,237,0,0
0,460,0,0,31,164,1229,6,0
0,461,3,51,6,0,73,0,0
0,462,2,49,6,0,0,0,0
0,463,2,56,10,0,877,0,0
0,464,3,54,9,0,197,0,0
0,465,4,56,10,0,390,0,0
0,466,1,52,7,1511,9761,24,5
0,467,4,39,7,0,467,0,0
0,468,4,46,8,0,0,0,0
0,469,4,37,4,0,0,0,0
0,470,4,36,5,0,96,0,0
0,471,4,42,7,0,589,0,0
0,472,3,57,8,0,779,0,0
0,473,4,26,4,0,0,0,0
0,474,4,50,9,0,514,0,0
0,475,4,40,7,0,568,0,0
0,476,2,55,9,0,580,6,0
0,477,3,56,8,0,615,0,0
0,478,0,0,32,493,3883,9,2
0,479,4,35,3,0,105,0,0
0,480,1,50,8,2113,8683,0,7
0,481,1,76,13,3791,11271,0,5
0,482,3,39,5,0,0,0,0
0,483,4,54,10,0,0,0,0
0,484,2,44,7,0,1093,0,0
0,485,3,59,9,0,488,0,0
0,486,4,47,8,0,0,0,0
0,487,2,43,7,0,505,0,0
0,488,4,75,12,0,516,0,0
0,489,2,104,16,0,537,0,0
0,490,4,29,4,0,793,0,0
0,491,2,51,7,0,447,0,0
0,492,0,0,26,180,7310,10,5
0,493,2,48,9,0,349,0,0
0,494,3,69,10,0,291,0,0
0,495,3,51,8,0,145,0,0
0,496,3,47,8,0,154,0,0
0,497,1,59,10,3164,11424,0,11
0,498,4,28,3,0,95,0,0
0,499,4,48,6,0,709,0,0
1,0,2,100,15,0,208,0,0
1,1,4,35,4,0,669,4,0
1,2,2,35,7,0,280,6,0
1,3,4,43,6,0,134,7,0
1,4,3,92,15,0,906,0,2
1,5,4,30,4,0,535,0,0
1,6,2,54,7,0,848,0,0
1,7,1,51,8,1732,9042,0,8
1,8,4,64,10,0,0,0,0
1,9,4,25,4,0,455,0,0
1,10,2,40,5,0,0,0,0
1,11,2,89,13,0,445,0,0
1,12,4,47,8,0,443,4,0
1,13,4,57,8,0,382,0,0
1,14,3,68,9,0,0,0,0
1,15,3,40,5,0,10,0,0
1,16,3,73,12,0,0,0,0
1,17,1,56,11,3138,8848,0,8
1,18,1,99,15,4926,12866,0,8
1,19,1,35,4,2437,7087,0,5
1,20,3,56,9,0,452,0,0
1,21,3,65,9,0,254,6,0
1,22,2,83,14,0,1462,0,0
1,23,1,64,11,2960,10070,0,8
1,24,1,96,15,1795,9335,0,8
1,25,4,51,7,0,614,0,0
1,26,1,111,16,1366,11896,15,9
1,27,4,21,3,0,311,0,0
1,28,3,51,8,0,527,0,0
1,29,1,82,14,2039,9539,0,8
1,30,3,41,6,0,0,0,0
1,31,2,88,10,0,840,0,0
1,32,4,37,5,0,945,0,0
1,33,4,28,4,0,523,0,0
1,34,1,74,11,1325,8295,0,7
1,35,3,48,5,0,615,0,0
1,36,2,55,8,0,507,0,0
1,37,3,49,6,0,19,0,0
1,38,3,41,6,0,322,0,0
1,39,1,56,8,1969,11619,15,5
1,40,1,65,9,4950,10840,0,5
1,41,1,114,18,6962,16892,0,8
1,42,4,36,4,0,0,0,0
1,43,4,27,4,0,388,0,0
1,44,4,26,3,0,559,0,0
1,45,3,35,4,0,0,0,0
1,46,2,86,13,0,15,0,0
1,47,3,107,16,0,94,0,0
1,48,2,75,11,0,0,0,0
1,49,3,34,4,0,0,0,0
1,50,2,155,25,0,481,2,0
1,51,1,83,12,6470,11500,0,4
1,52,1,71,9,6218,11318,0,5
1,53,1,71,13,4917,11207,0,8
1,54,4,57,8,0,785,0,0
1,55,3,73,11,0,624,0,0
1,56,1,48,7,2101,10251,0,8
1,57,1,37,6,3217,8837,0,7
1,58,4,98,13,0,97,0,0
1,59,2,31,2,0,555,0,0
1,60,3,70,10,0,189,0,0
1,61,3,47,6,0,308,0,0
1,62,1,43,6,3749,9739,0,6
1,63,2,135,20,0,1139,4,0
1,64,3,52,7,0,769,0,0
1,65,1,31,4,7676,11336,0,2
1,66,2,43,5,0,255,2,0
1,67,3,95,13,0,758,0,0
1,68,1,46,5,1350,8580,0,6
1,69,3,50,7,0,4,0,0
1,70,1,68,9,1036,9136,0,9
1,71,2,159,24,0,1510,0,0
1,72,1,45,9,2288,10048,0,11
1,73,1,61,10,3349,11879,0,7
1,74,2,110,16,0,1665,3,0
1,75,4,22,3,0,498,0,0
1,76,3,93,12,0,888,0,0
1,77,1,37,5,2835,10195,15,5
1,78,0,0,29,341,5271,8,2
1,79,1,98,16,4725,11305,0,8
1,80,4,27,4,0,680,0,0
1,81,4,27,4,0,641,0,0
1,82,2,85,13,0,901,0,0
1,83,2,47,9,0,730,8,0
1,84,2,108,14,0,0,0,0
1,85,4,35,4,0,0,0,0
1,86,3,64,7,0,0,0,0
1,87,2,87,13,0,293,4,0
1,88,3,60,8,0,0,0,0
1,89,4,30,4,0,0,0,0
1,90,1,52,7,6818,11698,0,5
1,91,3,38,5,0,412,0,0
1,92,4,23,2,0,576,0,0
1,93,2,69,11,0,733,0,0
1,94,2,80,10,0,258,0,0
1,95,1,60,10,3334,8374,0,8
1,96,3,36,4,0,0,0,0
1,97,3,27,4,0,323,0,0
1,98,4,29,4,0,121,0,0
1,99,4,73,9,0,852,4,2
1,100,3,50,6,0,455,0,0
1,101,3,57,9,0,293,0,0
1,102,2,79,11,0,0,0,0
1,103,0,0,31,157,1677,3,0
1,104,3,55,9,0,461,0,0
1,105,2,198,27,0,1079,0,0
1,106,3,51,6,0,565,0,0
1,107,2,90,13,0,854,0,0
1,108,2,101,15,0,151,0,0
1,109,1,103,15,4270,8570,0,6
1,110,3,79,13,0,489,0,0
1,111,1,51,7,2403,7713,0,6
1,112,1,97,15,6420,10370,0,6
1,113,1,165,27,1055,4935,0,4
1,114,2,72,12,0,0,4,0
1,115,1,91,14,4871,11641,0,6
1,116,3,87,16,0,71,0,0
1,117,2,66,9,0,395,0,0
1,118,1,81,10,6316,11536,0,6
1,119,1,136,22,5499,11799,0,6
1,120,2,77,11,0,980,0,0
1,121,1,70,9,4788,12898,0,8
1,122,3,46,6,0,0,0,0
1,123,2,74,12,0,0,0,0
1,124,1,78,11,1673,8783,15,6
1,125,2,44,6,0,35,0,0
1,126,0,0,29,2900,3760,0,0
1,127,1,81,12,4149,10889,0,8
1,128,4,48,6,0,733,0,0
1,129,1,56,8,5787,10597,0,8
1,130,3,46,7,0,0,0,0
1,131,0,0,33,10664,12364,0,2
1,132,1,72,12,3977,10347,0,6
1,133,3,53,6,0,0,6,0
1,134,2,69,11,0,997,0,0
1,135,1,91,14,3359,12829,0,12
1,136,1,67,11,2235,11515,0,11
1,137,4,39,5,0,336,0,0
1,138,4,28,4,0,13,0,0
1,139,4,52,7,0,446,0,1
1,140,1,93,12,4212,8092,0,3
1,141,3,90,13,0,461,0,0
1,142,1,63,9,5088,10728,0,8
1,143,2,166,21,0,0,0,0
1,144,4,20,3,0,321,0,0
1,145,1,111,14,8871,15651,0,8
1,146,1,112,15,6083,10373,0,6
1,147,1,179,23,13931,18681,0,8
1,148,2,163,24,0,1125,0,0
1,149,1,72,10,5888,10738,0,6
1,150,0,0,30,75,3725,10,0
1,151,2,52,8,0,0,12,0
1,152,1,128,19,5563,11063,0,6
1,153,2,56,7,0,712,0,0
1,154,1,48,7,3059,11009,0,9
1,155,2,82,15,0,893,0,0
1,156,1,64,10,3308,9348,0,8
1,157,1,62,10,6889,11679,0,3
1,158,4,27,3,0,0,4,0
1,159,4,51,7,0,0,0,0
1,160,4,46,6,0,318,0,0
1,161,3,27,4,0,644,0,0
1,162,3,60,10,0,51,0,0
1,163,1,75,11,6491,11211,0,6
1,164,1,147,23,4839,17029,0,14
1,165,1,47,6,2511,10281,0,9
1,166,3,36,5,0,0,0,0
1,167,3,55,7,0,0,0,0
1,168,3,59,9,0,193,6,0
1,169,3,83,13,0,524,0,0
1,170,1,101,15,3856,10316,0,8
1,171,4,40,5,0,0,0,0
1,172,2,55,6,0,202,0,0
1,173,2,48,6,0,0,0,0
1,174,4,56,8,0,437,0,0
1,175,1,106,14,1630,8390,15,6
1,176,3,41,5,0,225,0,0
1,177,1,64,9,6311,10761,0,3
1,178,4,25,4,0,609,0,0
1,179,1,192,29,16460,26250,0,9
1,180,1,110,14,2349,12369,0,11
1,181,1,79,11,3385,9695,0,8
1,182,3,62,10,0,0,0,0
1,183,1,79,14,1768,9158,0,8
1,184,0,0,29,1530,2390,0,0
1,185,1,123,19,6405,13075,0,8
1,186,4,37,3,0,576,0,0
1,187,3,36,7,0,112,0,0
1,188,4,70,10,0,65,0,0
1,189,3,63,7,0,0,0,0
1,190,1,42,6,3982,9202,0,6
1,191,2,39,6,0,270,0,0
1,192,2,46,7,0,0,0,0
1,193,3,67,11,0,639,0,0
1,194,1,46,6,5836,9616,0,3
1,195,2,61,9,0,455,4,2
1,196,2,87,13,0,363,0,0
1,197,1,60,9,3637,8957,0,6
1,198,3,80,13,0,677,0,0
1,199,1,77,11,3203,11513,0,8
1,200,0,0,33,30,2290,0,2
1,201,4,27,4,0,75,0,0
1,202,2,34,4,0,160,0,0
1,203,1,50,8,3755,12495,0,11
1,204,2,101,14,0,111,4,0
1,205,1,66,7,2831,8891,0,9
1,206,1,50,9,5439,12149,0,8
1,207,3,59,11,0,0,0,0
1,208,1,89,13,2801,10861,0,11
1,209,3,69,10,0,274,0,0
1,210,3,43,4,0,352,0,3
1,211,1,66,10,3287,8807,0,6
1,212,3,67,8,0,525,0,0
1,213,1,120,20,3773,10843,0,8
1,214,1,74,14,6079,12989,0,7
1,215,3,59,9,0,277,0,0
1,216,1,88,12,1891,8861,0,7
1,217,2,91,14,0,462,0,0
1,218,1,102,14,6402,12002,0,2
1,219,4,38,4,0,436,0,0
1,220,1,106,19,705,7075,0,8
1,221,3,34,3,0,164,0,0
1,222,3,54,7,0,85,0,0
1,223,2,79,10,0,410,0,0
1,224,4,43,5,0,640,0,0
1,225,4,44,5,0,184,0,0
1,226,2,77,13,0,126,0,0
1,227,3,67,8,0,352,0,0
1,228,1,81,13,233,7773,5,5
1,229,3,49,7,0,608,0,0
1,230,3,52,7,0,458,0,0
1,231,1,59,9,7042,10302,0,5
1,232,2,110,17,0,100,0,0
1,233,4,28,4,0,495,0,0
1,234,4,22,2,0,650,0,0
1,235,1,47,8,2483,8053,0,8
1,236,3,66,10,0,694,0,0
1,237,2,72,10,0,434,0,0
1,238,1,68,10,1262,10062,12,6
1,239,1,70,12,1902,10242,0,7
1,240,2,76,12,0,0,0,0
1,241,4,59,7,0,334,0,0
1,242,3,66,10,0,660,0,0
1,243,1,68,11,2210,11300,15,6
1,244,4,22,3,0,700,0,0
1,245,2,45,5,0,0,4,0
1,246,4,38,4,0,405,0,0
1,247,2,77,12,0,406,0,0
1,248,3,81,12,0,841,0,0
1,249,3,45,6,0,154,0,1
1,250,1,130,19,2162,9922,0,7
1,251,3,45,6,0,642,0,0
1,252,3,62,9,0,1141,0,0
1,253,1,57,7,2698,9088,0,8
1,254,2,64,9,0,0,0,0
1,255,1,87,14,1515,13355,15,11
1,256,1,65,8,3799,11439,0,11
1,257,1,107,15,6838,13528,0,5
1,258,3,30,3,0,35,0,0
1,259,3,46,8,0,583,0,0
1,260,1,83,12,1846,9526,15,5
1,261,3,72,11,0,1106,4,0
1,262,1,81,11,1815,10895,0,11
1,263,0,0,30,452,2872,2,0
1,264,3,46,5,0,21,0,0
1,265,4,64,8,0,328,6,0
1,266,4,40,5,0,0,0,0
1,267,2,127,18,0,0,4,0
1,268,1,123,17,1906,9226,0,7
1,269,1,125,19,1806,9966,15,8
1,270,2,63,10,0,650,6,0
1,271,1,44,6,4487,8827,0,5
1,272,1,54,6,5790,11140,0,5
1,273,2,83,13,0,861,0,0
1,274,3,43,6,0,0,0,0
1,275,1,61,9,5716,10786,0,8
1,276,2,59,10,0,593,0,0
1,277,2,57,9,0,0,0,0
1,278,3,56,8,0,3,6,0
1,279,4,48,5,0,551,7,0
1,280,2,69,10,0,331,16,0
1,281,2,81,14,0,0,0,0
1,282,4,20,3,0,685,0,0
1,283,0,0,31,383,2298,0,4
1,284,2,88,12,0,761,0,0
1,285,2,80,12,0,640,0,2
1,286,1,41,5,4520,9230,0,6
1,287,3,106,16,0,111,0,0
1,288,4,50,5,0,725,0,0
1,289,2,74,10,0,262,0,0
1,290,3,47,6,0,274,0,0
1,291,3,31,5,0,715,4,0
1,292,2,57,8,0,972,0,0
1,293,2,60,8,0,0,0,0
1,294,2,39,5,0,0,10,0
1,295,2,76,11,0,584,0,0
1,296,4,49,7,0,646,0,0
1,297,3,64,8,0,722,6,0
1,298,3,62,9,0,0,0,0
1,299,1,88,12,5697,13137,0,8
1,300,2,59,9,0,0,0,0
1,301,2,73,9,0,0,0,0
1,302,4,51,7,0,330,0,0
1,303,4,38,5,0,630,8,0
1,304,2,43,7,0,152,0,0
1,305,3,80,12,0,345,0,0
1,306,2,71,10,0,180,0,0
1,307,4,43,5,0,282,0,0
1,308,1,66,6,2012,10702,9,7
1,309,4,39,6,0,0,0,0
1,310,4,50,6,0,422,2,0
1,311,3,77,12,0,475,0,0
1,312,4,49,6,0,661,0,0
1,313,1,54,8,6616,9716,0,5
1,314,1,125,18,5244,13564,0,8
1,315,1,88,12,5075,11845,0,8
1,316,1,91,14,6091,14901,0,10
1,317,2,69,9,0,0,2,0
1,318,2,73,11,0,160,0,0
1,319,3,22,3,0,604,0,0
1,320,1,74,12,8658,12908,0,2
1,321,1,76,13,1930,11480,0,11
1,322,2,70,8,0,0,0,0
1,323,4,26,4,0,0,0,0
1,324,4,50,7,0,235,2,0
1,325,2,75,12,0,176,0,0
1,326,3,59,8,0,436,0,0
1,327,2,79,11,0,575,0,0
1,328,3,37,5,0,502,0,0
1,329,1,61,9,3397,8847,0,6
1,330,1,40,6,3466,8626,0,6
1,331,2,134,22,0,1080,0,0
1,332,3,61,8,0,485,0,0
1,333,4,39,5,0,712,0,0
1,334,1,62,9,3254,9254,0,5
1,335,1,62,10,1935,11925,12,7
1,336,4,65,9,0,318,0,0
1,337,0,0,30,71,2201,0,0
1,338,3,56,8,0,581,2,0
1,339,3,32,4,0,0,0,0
1,340,1,61,9,6107,12357,0,5
1,341,4,27,4,0,690,0,0
1,342,0,0,33,1893,7153,0,5
1,343,1,91,14,1356,12926,12,10
1,344,2,63,9,0,0,0,0
1,345,3,97,16,0,175,0,0
1,346,2,68,10,0,0,4,0
1,347,1,127,21,7761,13141,0,5
1,348,3,56,7,0,14,0,0
1,349,1,158,24,1155,7425,8,4
1,350,1,110,17,11268,15618,0,2
1,351,3,51,7,0,831,0,0
1,352,2,55,8,0,39,0,0
1,353,1,71,11,5596,12236,0,8
1,354,2,182,31,0,1205,2,0
1,355,0,0,28,4924,7894,10,2
1,356,2,55,9,0,539,0,0
1,357,3,55,8,0,217,0,0
1,358,1,85,12,4800,13250,0,7
1,359,1,59,10,5889,11239,0,5
1,360,2,59,10,0,531,0,0
1,361,2,54,7,0,0,4,0
1,362,1,81,13,5603,14213,0,8
1,363,4,22,3,0,0,0,0
1,364,1,59,8,5954,11014,0,6
1,365,1,49,7,5382,9182,0,5
1,366,1,63,10,11738,16198,0,5
1,367,1,112,14,4805,12845,0,9
1,368,3,60,8,0,170,0,0
1,369,1,90,14,2822,11022,0,8
1,370,2,151,23,0,511,0,0
1,371,1,45,7,5017,10267,0,6
1,372,2,186,26,0,815,0,0
1,373,3,59,9,0,721,0,0
1,374,1,60,9,4551,13171,0,10
1,375,1,45,8,5604,9984,0,5
1,376,1,82,13,10492,13502,0,2
1,377,1,130,18,9497,17447,0,7
1,378,4,39,5,0,0,4,0
1,379,2,94,14,0,0,0,0
1,380,4,21,3,0,462,0,0
1,381,1,126,20,7429,16329,0,10
1,382,1,105,14,5378,10438,0,7
1,383,2,58,8,0,0,0,0
1,384,1,65,10,9196,13576,0,5
1,385,1,107,14,1843,9693,2,7
1,386,1,59,8,8150,13030,0,5
1,387,0,0,28,103,3693,4,3
1,388,1,92,11,1722,10142,15,7
1,389,3,54,8,0,0,0,0
1,390,1,55,8,3768,10108,0,8
1,391,2,39,5,0,232,12,0
1,392,3,57,8,0,688,0,0
1,393,3,47,7,0,0,0,0
1,394,1,53,9,1785,8485,12,5
1,395,1,79,14,2099,12249,3,9
1,396,1,91,13,2482,10672,10,8
1,397,1,61,9,6282,10902,0,3
1,398,3,45,6,0,453,0,0
1,399,0,0,33,0,2467,0,5
1,400,3,64,10,0,755,0,0
1,401,3,43,6,0,851,0,0
1,402,1,92,16,4147,12897,0,8
1,403,4,62,10,0,138,0,0
1,404,1,77,10,6353,11633,0,6
1,405,2,88,11,0,184,0,0
1,406,2,134,21,0,860,0,0
1,407,4,25,4,0,316,0,0
1,408,2,69,11,0,965,4,0
1,409,4,37,4,0,0,0,0
1,410,1,57,8,3423,10723,0,8
1,411,2,48,6,0,143,0,0
1,412,1,51,7,4479,9029,0,5
1,413,4,26,4,0,851,0,0
1,414,2,85,11,0,373,0,0
1,415,3,44,6,0,541,0,0
1,416,1,88,14,6568,14188,0,8
1,417,3,41,5,0,620,2,0
1,418,1,39,5,4110,9900,0,5
1,419,4,38,5,0,618,0,0
1,420,4,64,11,0,569,6,0
1,421,2,62,9,0,0,0,0
1,422,3,42,7,0,0,0,2
1,423,1,46,8,6168,10808,0,5
1,424,1,64,9,7524,12804,0,5
1,425,2,121,16,0,905,0,0
1,426,0,0,34,177,7737,11,7
1,427,1,126,18,3435,10325,0,6
1,428,1,46,7,5517,9617,0,5
1,429,0,0,31,422,5742,15,4
1,430,1,132,22,1300,9640,15,5
1,431,2,76,11,0,262,0,0
1,432,3,97,12,0,224,2,0
1,433,1,58,9,3746,10756,12,2
1,434,0,0,30,186,3266,16,1
1,435,2,193,31,0,1255,5,0
1,436,2,46,6,0,346,0,0
1,437,3,34,4,0,0,0,0
1,438,1,97,13,2034,12264,0,8
1,439,3,27,4,0,301,0,0
1,440,1,127,19,4072,11692,0,9
1,441,3,44,6,0,197,0,0
1,442,0,0,29,2472,5722,9,2
1,443,1,47,8,2285,10485,0,11
1,444,3,49,7,0,230,0,0
1,445,4,65,10,0,0,0,0
1,446,4,21,2,0,580,0,0
1,447,2,100,15,0,945,0,0
1,448,1,71,12,2964,11234,0,8
1,449,3,75,11,0,682,3,0
1,450,4,39,4,0,147,0,0
1,451,2,70,10,0,527,6,0
1,452,3,57,8,0,544,0,0
1,453,4,34,4,0,0,0,0
1,454,1,52,8,2692,9822,0,9
1,455,1,57,9,5347,11247,0,5
1,456,4,35,5,0,830,0,0
1,457,3,69,10,0,0,0,0
1,458,3,71,8,0,0,0,0
1,459,4,25,4,0,20,0,0
1,460,3,196,30,0,1705,0,0
1,461,4,46,6,0,380,0,0
1,462,1,49,7,5723,10543,0,5
1,463,4,46,5,0,430,0,0
1,464,1,63,8,4507,12077,0,11
1,465,2,64,9,0,0,0,0
1,466,4,20,3,0,737,0,0
1,467,1,76,11,1938,10408,0,6
1,468,3,56,9,0,0,0,0
1,469,1,62,9,1892,11082,0,8
1,470,1,59,8,4846,9676,0,8
1,471,0,0,32,125,1460,0,0
1,472,2,90,12,0,710,0,0
1,473,1,40,6,3468,10698,0,8
1,474,1,80,11,5864,12224,0,8
1,475,2,92,13,0,0,0,0
1,476,3,47,6,0,793,5,0
1,477,2,94,14,0,842,0,0
1,478,3,30,5,0,375,4,0
1,479,1,43,6,6180,10250,0,6
1,480,3,44,6,0,803,0,0
1,481,4,22,3,0,0,0,0
1,482,1,61,9,2303,8833,0,6
1,483,3,70,10,0,731,0,0
1,484,1,44,6,3038,8258,0,5
1,485,1,68,11,4264,12674,0,7
1,486,2,72,11,0,1120,0,0
1,487,4,27,3,0,236,0,0
1,488,2,113,16,0,622,0,0
1,489,3,69,10,0,107,9,0
1,490,3,56,9,0,48,0,0
1,491,1,51,7,1954,9824,12,6
1,492,3,61,9,0,9,4,0
1,493,1,48,6,4651,10451,0,8
1,494,4,54,8,0,0,0,0
1,495,1,53,9,2036,9836,15,6
1,496,4,44,5,0,0,0,0
1,497,3,51,8,0,747,0,0
1,498,3,31,4,0,36,0,0
1,499,1,79,10,2363,7843,0,6
2,0,1,100,16,1506,9066,4,6
2,1,1,80,15,1539,8319,0,6
2,2,4,23,3,0,643,0,0
2,3,1,82,14,1901,8881,0,9
2,4,0,0,36,5,6215,0,2
2,5,2,53,9,0,0,0,0
2,6,4,41,8,0,615,0,0
2,7,2,51,8,0,825,0,0
2,8,3,67,10,0,0,8,0
2,9,2,50,9,0,1165,0,0
2,10,1,40,7,4551,9581,25,0
2,11,1,89,14,3939,9969,0,5
2,12,2,80,14,0,1069,0,0
2,13,3,61,10,0,0,0,0
2,14,1,103,17,3272,12492,0,8
2,15,2,52,7,0,680,0,0
2,16,1,77,13,9407,15057,0,2
2,17,2,56,8,0,1151,0,0
2,18,4,72,12,0,715,0,0
2,19,4,18,2,0,449,0,0
2,20,2,68,11,0,0,0,0
2,21,4,61,11,0,379,10,0
2,22,1,83,14,2513,8973,0,6
2,23,2,64,12,0,631,0,0
2,24,2,96,16,0,1388,10,0
2,25,2,118,18,0,720,0,0
2,26,3,81,11,0,615,0,0
2,27,2,42,6,0,531,0,0
2,28,1,53,9,5126,10576,0,3
2,29,2,82,15,0,585,0,0
2,30,4,31,5,0,0,0,0
2,31,3,85,13,0,620,0,0
2,32,1,81,16,3698,10238,0,6
2,33,2,43,7,0,0,0,0
2,34,3,57,11,0,538,0,0
2,35,2,74,14,0,1023,0,0
2,36,3,51,9,0,313,0,0
2,37,2,50,7,0,428,0,0
2,38,2,41,6,0,0,0,0
2,39,3,48,8,0,0,0,0
2,40,4,51,8,0,265,0,0
2,41,4,64,10,0,251,0,0
2,42,3,38,7,0,709,0,0
2,43,3,36,5,0,259,0,0
2,44,3,40,7,0,432,0,0
2,45,2,129,21,0,1215,0,0
2,46,3,69,10,0,0,0,0
2,47,4,86,15,0,180,0,0
2,48,1,75,12,4525,11975,0,10
2,49,4,19,3,0,39,0,0
2,50,1,155,23,1705,7555,5,4
2,51,3,71,11,0,1375,0,0
2,52,2,71,12,0,1012,0,0
2,53,3,70,10,0,0,0,1
2,54,0,0,32,553,5443,26,1
2,55,1,85,13,4575,11715,0,6
2,56,2,48,8,0,1035,0,0
2,57,2,37,5,0,767,0,0
2,58,1,149,26,9653,18513,0,8
2,59,4,27,4,0,288,0,0
2,60,2,90,13,0,470,0,0
2,61,2,58,8,0,0,0,0
2,62,2,43,8,0,0,0,0
2,63,1,135,23,3009,11769,0,9
2,64,1,60,10,3435,8835,0,3
2,65,3,28,4,0,0,0,0
2,66,4,30,6,0,321,9,0
2,67,1,105,17,4457,10567,0,5
2,68,3,33,6,0,473,0,0
2,69,1,123,20,1515,10835,14,6
2,70,3,47,8,0,844,0,0
2,71,1,159,26,701,5461,0,5
2,72,3,40,7,0,807,0,0
2,73,2,61,9,0,1055,0,0
2,74,1,110,18,2892,8862,0,2
2,75,3,30,4,0,0,0,0
2,76,1,121,19,5242,12182,0,5
2,77,2,37,6,0,0,0,0
2,78,3,46,8,0,455,0,0
2,79,3,54,8,0,0,0,0
2,80,3,42,6,0,138,0,0
2,81,3,28,4,0,275,0,0
2,82,1,85,15,773,9503,12,4
2,83,4,19,2,0,5,0,0
2,84,4,45,8,0,306,0,0
2,85,2,70,13,0,224,0,0
2,86,1,76,13,5048,11678,0,5
2,87,3,69,12,0,192,0,0
2,88,1,114,19,6040,12230,0,5
2,89,2,31,6,0,0,0,0
2,90,3,50,9,0,355,0,0
2,91,1,111,19,1177,10177,6,6
2,92,2,29,5,0,352,0,0
2,93,3,56,8,0,891,0,0
2,94,1,80,12,2625,11945,0,9
2,95,3,31,4,0,97,0,0
2,96,2,69,11,0,0,6,0
2,97,1,94,16,1069,7249,9,6
2,98,0,0,31,720,7240,4,6
2,99,1,119,19,5426,12316,0,8
2,100,2,71,12,0,565,0,0
2,101,1,104,16,2608,9768,0,8
2,102,1,79,13,5578,10748,0,3
2,103,0,0,34,5,2995,0,0
2,104,2,93,12,0,352,6,0
2,105,1,198,33,15178,20648,0,5
2,106,2,77,11,0,96,4,0
2,107,1,90,15,2109,10639,0,9
2,108,1,101,14,6844,11994,0,6
2,109,3,80,13,0,745,0,0
2,110,0,0,31,120,2800,6,0
2,111,2,51,9,0,0,6,0
2,112,2,97,15,0,250,4,0
2,113,4,37,6,0,570,0,0
2,114,3,56,7,0,335,0,0
2,115,2,91,12,0,0,0,0
2,116,2,94,17,0,491,0,0
2,117,4,33,6,0,805,0,0
2,118,3,47,9,0,251,0,0
2,119,4,25,4,0,683,0,0
2,120,1,77,13,1623,7373,0,5
2,121,3,67,11,0,0,0,0
2,122,1,98,13,1728,8388,15,3
2,123,3,44,6,0,1019,0,0
2,124,3,41,7,0,0,0,0
2,125,4,41,6,0,211,4,0
2,126,0,0,33,15032,16432,0,0
2,127,2,81,13,0,728,0,0
2,128,3,79,12,0,430,0,0
2,129,2,56,10,0,577,0,0
2,130,4,33,5,0,0,0,0
2,131,0,0,27,15170,16350,0,0
2,132,3,62,10,0,911,0,0
2,133,2,91,16,0,1181,0,0
2,134,3,53,6,0,416,0,0
2,135,3,39,6,0,0,0,0
2,136,2,67,11,0,0,0,0
2,137,1,74,14,2974,12344,0,8
2,138,3,40,5,0,655,0,0
2,139,1,120,20,879,8099,12,6
2,140,3,52,8,0,0,0,0
2,141,1,93,17,1374,9154,12,6
2,142,3,60,11,0,74,0,0
2,143,3,143,22,0,439,0,0
2,144,2,48,7,0,535,0,0
2,145,3,92,17,0,0,0,0
2,146,3,90,16,0,115,0,0
2,147,2,179,29,0,681,0,0
2,148,1,163,28,1877,10717,2,7
2,149,4,38,6,0,394,0,0
2,150,4,47,8,0,184,0,0
2,151,3,31,4,0,470,0,0
2,152,2,128,18,0,740,0,0
2,153,3,31,4,0,433,0,0
2,154,2,48,8,0,70,0,0
2,155,1,82,12,4017,10687,0,6
2,156,4,27,5,0,736,0,0
2,157,3,53,8,0,351,0,0
2,158,2,89,14,0,110,10,0
2,159,3,51,9,0,291,0,0
2,160,0,0,32,141,3461,0,2
2,161,4,25,4,0,273,0,0
2,162,2,105,17,0,430,0,0
2,163,2,75,13,0,402,0,0
2,164,3,88,14,0,149,0,0
2,165,2,47,7,0,225,0,0
2,166,4,27,5,0,361,0,0
2,167,2,82,14,0,540,0,0
2,168,1,108,17,3408,9638,0,5
2,169,0,0,30,365,6575,9,6
2,170,4,73,12,0,700,0,0
2,171,1,87,14,6460,12960,0,8
2,172,1,55,10,1355,9705,2,8
2,173,1,48,9,5128,9018,0,3
2,174,2,60,10,0,354,0,0
2,175,3,39,7,0,385,0,0
2,176,2,95,16,0,458,0,0
2,177,2,64,11,0,161,0,0
2,178,2,39,6,0,324,0,0
2,179,2,192,30,0,160,0,0
2,180,2,110,18,0,713,0,0
2,181,2,79,9,0,978,0,0
2,182,1,105,15,6518,11548,0,3
2,183,3,44,6,0,419,0,0
2,184,0,0,32,15588,16708,0,0
2,185,2,123,21,0,928,0,0
2,186,3,54,10,0,811,0,0
2,187,1,91,14,3679,10459,0,8
2,188,2,183,31,0,204,6,0
2,189,1,73,12,5555,11375,0,6
2,190,3,28,4,0,348,0,0
2,191,3,32,5,0,0,0,0
2,192,3,36,5,0,0,0,0
2,193,4,24,5,0,463,0,0
2,194,2,46,9,0,208,0,0
2,195,3,51,8,0,812,0,0
2,196,1,87,10,6163,10643,0,5
2,197,4,36,7,0,509,0,0
2,198,0,0,30,258,3488,4,3
2,199,4,38,7,0,41,0,0
2,200,0,0,27,343,3693,2,2
2,201,3,39,6,0,73,0,0
2,202,3,29,4,0,312,0,0
2,203,2,50,8,0,0,0,0
2,204,3,49,8,0,665,0,0
2,205,3,42,6,0,420,0,0
2,206,2,50,9,0,246,0,0
2,207,1,64,11,7657,12287,0,3
2,208,2,89,15,0,873,0,0
2,209,1,116,17,7339,13079,0,5
2,210,4,39,7,0,936,0,0
2,211,2,66,11,0,676,0,0
2,212,0,0,34,445,2165,0,3
2,213,3,77,12,0,685,0,0
2,214,2,74,13,0,430,0,0
2,215,1,61,8,4752,9682,0,5
2,216,2,88,13,0,303,0,0
2,217,1,91,16,6869,12719,0,5
2,218,2,102,18,0,1060,2,0
2,219,2,52,8,0,835,0,0
2,220,4,32,5,0,520,0,0
2,221,1,45,7,1562,9782,0,6
2,222,1,62,10,2168,9138,0,8
2,223,3,74,14,0,288,0,0
2,224,1,114,18,3104,9174,0,5
2,225,1,47,9,2535,10045,8,6
2,226,4,34,6,0,619,0,0
2,227,2,143,26,0,484,4,0
2,228,4,47,9,0,684,0,0
2,229,2,79,13,0,512,3,0
2,230,1,54,10,5186,11376,0,5
2,231,2,59,11,0,1141,0,0
2,232,1,110,18,2525,8255,0,4
2,233,2,50,8,0,236,0,0
2,234,2,41,5,0,845,0,0
2,235,3,23,4,0,271,0,0
2,236,4,54,10,0,864,0,0
2,237,1,72,11,2812,10172,0,5
2,238,4,50,8,0,292,0,0
2,239,3,40,4,0,41,0,0
2,240,4,46,6,0,715,0,0
2,241,1,85,14,6106,11206,0,6
2,242,1,93,14,5946,10576,0,3
2,243,2,68,10,0,0,0,0
2,244,2,39,6,0,0,0,0
2,245,4,24,4,0,0,0,0
2,246,2,85,14,0,353,9,0
2,247,1,77,13,2728,8648,14,2
2,248,1,109,18,5916,12006,0,6
2,249,2,45,6,0,764,0,0
2,250,2,130,19,0,1363,0,0
2,251,2,62,11,0,251,0,0
2,252,2,74,14,0,0,0,0
2,253,3,54,9,0,465,0,0
2,254,1,64,9,5076,10906,0,5
2,255,2,87,15,0,0,0,0
2,256,4,62,9,0,0,0,0
2,257,3,65,11,0,773,0,0
2,258,4,27,5,0,540,0,0
2,259,2,71,10,0,959,0,0
2,260,4,26,5,0,270,0,0
2,261,2,73,12,0,72,0,0
2,262,3,63,10,0,691,0,0
2,263,0,0,33,37,1832,0,0
2,264,0,0,30,185,4715,18,0
2,265,0,0,29,35,2125,2,0
2,266,1,63,11,2866,12366,0,8
2,267,1,127,18,2043,8713,22,0
2,268,2,123,20,0,1776,0,0
2,269,2,125,17,0,655,0,0
2,270,3,44,5,0,526,0,0
2,271,3,42,8,0,812,0,0
2,272,2,54,8,0,0,0,0
2,273,1,83,11,1474,10774,0,7
2,274,2,65,10,0,567,0,0
2,275,4,34,6,0,911,0,0
2,276,1,59,10,4158,10158,0,6
2,277,1,57,10,2612,11022,0,8
2,278,1,73,12,5129,10929,0,3
2,279,0,0,32,654,3594,0,0
2,280,3,59,8,0,389,0,0
2,281,1,81,11,3854,11814,0,5
2,282,2,38,4,0,0,0,0
2,283,3,58,10,0,490,0,0
2,284,4,46,8,0,635,0,0
2,285,1,80,13,3209,9649,0,5
2,286,4,27,5,0,320,0,0
2,287,4,44,7,0,0,0,0
2,288,3,60,9,0,421,0,0
2,289,4,53,10,0,642,0,0
2,290,1,91,15,2278,9508,0,6
2,291,2,45,7,0,559,0,0
2,292,4,31,6,0,558,0,0
2,293,1,60,8,2781,11001,18,4
2,294,3,38,6,0,0,0,0
2,295,3,74,11,0,1225,0,0
2,296,1,168,26,1377,9987,0,7
2,297,2,72,13,0,143,0,0
2,298,1,66,9,5581,11611,0,5
2,299,2,88,14,0,0,0,0
2,300,3,53,9,0,38,0,0
2,301,1,73,11,6085,12515,0,4
2,302,3,59,9,0,58,0,0
2,303,2,63,9,0,134,0,0
2,304,3,26,5,0,386,0,0
2,305,2,131,18,0,598,0,0
2,306,3,65,9,0,295,0,0
2,307,1,70,14,7668,14898,0,5
2,308,2,66,11,0,903,0,0
2,309,1,85,16,3640,11940,0,5
2,310,2,80,13,0,1352,0,0
2,311,2,93,15,0,1162,0,0
2,312,3,74,14,0,879,0,0
2,313,2,54,9,0,740,0,0
2,314,2,125,21,0,578,0,0
2,315,2,88,14,0,682,3,0
2,316,2,91,15,0,787,0,0
2,317,3,55,9,0,635,0,0
2,318,3,54,9,0,0,0,0
2,319,2,54,7,0,0,0,0
2,320,4,36,6,0,498,0,0
2,321,2,76,14,0,299,0,0
2,322,4,36,5,0,415,0,2
2,323,2,94,16,0,0,0,0
2,324,1,68,12,941,7481,15,2
2,325,3,33,4,0,158,0,0
2,326,2,75,13,0,381,0,0
2,327,4,47,8,0,35,0,0
2,328,2,47,7,0,0,0,0
2,329,3,50,8,0,811,0,0
2,330,4,23,3,0,385,0,0
2,331,3,65,12,0,245,0,0
2,332,2,82,15,0,1405,0,0
2,333,2,74,10,0,193,0,0
2,334,3,58,8,0,227,0,0
2,335,2,62,9,0,0,0,0
2,336,0,0,34,460,7500,10,3
2,337,4,43,8,0,947,0,0
2,338,1,67,10,1833,9803,0,8
2,339,2,57,8,0,346,0,0
2,340,2,61,9,0,0,0,0
2,341,2,108,15,0,510,16,0
2,342,0,0,31,236,2151,4,2
2,343,3,51,8,0,0,0,0
2,344,3,59,9,0,0,0,0
2,345,1,111,16,4470,12170,0,8
2,346,1,68,12,3415,10895,0,5
2,347,2,127,21,0,1421,6,0
2,348,1,60,12,4941,10701,0,5
2,349,3,47,9,0,228,0,0
2,350,2,110,18,0,0,0,0
2,351,2,68,10,0,627,0,0
2,352,1,55,9,6253,11133,0,3
2,353,2,71,13,0,429,0,0
2,354,1,182,28,792,5352,6,3
2,355,0,0,33,96,4666,0,3
2,356,1,55,9,1133,9843,0,10
2,357,2,65,11,0,194,0,0
2,358,2,85,13,0,107,0,0
2,359,2,59,9,0,947,0,0
2,360,1,59,11,3249,11049,0,5
2,361,1,54,9,2052,8812,8,3
2,362,2,81,12,0,0,0,0
2,363,2,47,9,0,0,4,0
2,364,4,33,5,0,310,0,0
2,365,3,42,7,0,329,0,0
2,366,3,60,10,0,0,0,0
2,367,3,60,10,0,287,0,0
2,368,1,92,14,6279,13279,0,5
2,369,2,90,14,0,806,8,0
2,370,1,151,21,8017,16407,0,8
2,371,2,45,8,0,650,0,0
2,372,3,130,22,0,0,0,0
2,373,4,49,8,0,0,0,0
2,374,2,60,8,0,213,0,0
2,375,4,22,2,0,142,0,0
2,376,2,82,13,0,0,0,0
2,377,2,130,24,0,0,0,2
2,378,3,47,8,0,0,0,0
2,379,1,94,14,8148,13918,0,3
2,380,2,54,7,0,0,0,0
2,381,2,126,20,0,0,0,0
2,382,2,105,16,0,0,0,0
2,383,4,36,6,0,0,0,0
2,384,2,65,11,0,0,0,0
2,385,3,57,8,0,455,0,0
2,386,4,41,6,0,0,0,0
2,387,4,87,14,0,0,0,0
2,388,3,68,12,0,465,7,0
2,389,2,54,8,0,0,0,0
2,390,2,55,9,0,660,0,0
2,391,3,37,6,0,704,0,0
2,392,2,64,12,0,399,6,0
2,393,2,55,6,0,0,0,0
2,394,3,22,2,0,0,0,0
2,395,2,79,12,0,516,6,0
2,396,2,91,14,0,311,0,0
2,397,2,61,11,0,285,0,0
2,398,2,83,14,0,1122,0,0
2,399,0,0,30,0,3075,0,2
2,400,0,0,31,449,3424,4,5
2,401,4,41,6,0,447,0,0
2,402,3,88,13,0,0,0,0
2,403,1,92,14,4018,11198,0,5
2,404,3,63,11,0,274,0,0
2,405,1,88,14,5250,10480,0,3
2,406,4,72,12,0,550,0,0
2,407,3,35,5,0,0,0,0
2,408,1,69,12,7935,11505,0,3
2,409,2,76,14,0,913,0,0
2,410,3,47,9,0,539,0,0
2,411,3,32,5,0,0,0,0
2,412,3,50,9,0,626,0,0
2,413,3,31,4,0,669,0,0
2,414,1,85,14,1855,7505,8,2
2,415,2,54,9,0,1020,0,0
2,416,2,88,12,0,0,0,0
2,417,2,103,18,0,0,4,0
2,418,4,29,3,0,499,0,0
2,419,2,63,13,0,399,0,0
2,420,2,90,14,0,1368,0,0
2,421,1,62,9,8416,14036,0,5
2,422,2,47,8,0,190,0,0
2,423,2,46,7,0,0,0,0
2,424,3,49,7,0,187,0,0
2,425,1,121,19,2533,8523,0,5
2,426,4,28,4,0,243,0,0
2,427,3,84,13,0,780,0,0
2,428,2,46,9,0,618,0,0
2,429,3,62,10,0,447,0,0
2,430,4,50,8,0,746,0,0
2,431,1,76,13,1805,8965,2,8
2,432,1,104,17,1289,10269,0,8
2,433,4,37,6,0,275,0,0
2,434,0,0,34,24,5424,7,2
2,435,1,193,31,473,6473,10,2
2,436,1,46,8,2989,9469,0,6
2,437,4,28,5,0,745,0,0
2,438,3,68,12,0,1105,4,0
2,439,2,50,9,0,503,0,0
2,440,2,127,20,0,1270,0,0
2,441,2,44,8,0,677,0,0
2,442,0,0,32,358,6218,9,3
2,443,2,47,10,0,593,0,0
2,444,1,52,10,7020,11610,0,2
2,445,2,100,18,0,1248,0,0
2,446,1,82,12,1513,8343,0,6
2,447,1,100,16,905,6545,0,5
2,448,3,50,8,0,149,0,0
2,449,1,99,16,939,7619,4,4
2,450,1,74,13,1170,9450,0,6
2,451,1,70,12,4337,9487,0,6
2,452,1,75,12,1512,10862,0,10
2,453,3,37,7,0,134,0,0
2,454,2,52,8,0,715,0,0
2,455,2,57,8,0,0,0,0
2,456,1,70,11,1452,8792,4,4
2,457,1,80,13,4344,12404,0,5
2,458,1,105,18,3317,10097,0,6
2,459,2,36,5,0,602,0,0
2,460,0,0,36,147,7587,16,5
2,461,1,60,11,5423,11013,0,5
2,462,3,38,7,0,543,0,0
2,463,1,56,9,2812,8322,0,8
2,464,2,63,11,0,0,0,0
2,465,1,64,9,6711,13191,0,8
2,466,3,29,4,0,282,0,0
2,467,2,76,12,0,365,2,1
2,468,1,66,10,7335,14265,0,5
2,469,3,50,8,0,669,0,0
2,470,2,59,10,0,1090,0,0
2,471,0,0,33,1171,3051,0,0
2,472,4,39,7,0,186,0,0
2,473,2,40,7,0,0,0,0
2,474,3,61,9,0,470,0,0
2,475,1,92,15,4773,12033,0,5
2,476,1,55,10,3583,8493,0,2
2,477,1,94,13,3742,10272,0,6
2,478,0,0,31,91,5031,0,2
2,479,3,42,7,0,0,0,0
2,480,4,32,6,0,0,0,0
2,481,2,76,11,0,1067,2,0
2,482,4,32,5,0,145,0,0
2,483,2,90,14,0,925,0,0
2,484,3,32,5,0,291,0,0
2,485,2,68,12,0,0,0,0
2,486,3,57,9,0,1184,0,0
2,487,1,43,7,4775,10115,0,3
2,488,1,113,19,735,8625,16,5
2,489,1,104,15,1055,8395,8,3
2,490,2,75,10,0,504,0,0
2,491,3,47,7,0,549,10,0
2,492,4,55,9,0,1030,0,0
2,493,4,35,5,0,0,0,0
2,494,1,83,12,6168,11808,0,6
2,495,4,34,7,0,645,0,0
2,496,2,66,12,0,1037,4,0
2,497,2,59,9,0,808,0,0
2,498,2,45,8,0,544,0,0
2,499,3,78,14,0,639,0,0
3,0,3,86,14,0,0,0,0
3,1,2,79,11,0,305,0,0
3,2,1,35,5,2881,7101,0,5
3,3,2,81,11,0,1195,0,0
3,4,4,74,12,0,236,0,0
3,5,1,53,10,4777,10207,0,5
3,6,1,54,6,4555,9565,0,3
3,7,3,40,7,0,655,0,0
3,8,1,88,14,1438,9218,0,8
3,9,1,50,8,5009,8989,0,3
3,10,4,39,7,0,601,0,0
3,11,3,83,10,0,849,0,0
3,12,3,54,7,0,835,0,0
3,13,0,0,32,363,5483,5,6
3,14,2,102,13,0,915,0,0
3,15,1,52,9,1360,9790,15,6
3,16,4,49,6,0,0,0,0
3,17,4,14,2,0,354,0,0
3,18,3,77,12,0,0,0,0
3,19,2,34,5,0,325,0,0
3,20,4,47,9,0,237,0,0
3,21,1,67,11,6470,11550,0,3
3,22,4,40,6,0,0,0,0
3,23,3,54,7,0,329,0,0
3,24,3,52,8,0,455,0,0
3,25,1,118,20,1236,10166,10,9
3,26,2,110,18,0,813,0,0
3,27,3,32,5,0,276,6,0
3,28,2,52,9,0,0,0,0
3,29,3,60,8,0,551,0,0
3,30,2,80,15,0,76,0,0
3,31,4,49,9,0,442,0,0
3,32,3,51,8,0,217,0,0
3,33,3,41,4,0,259,0,0
3,34,4,33,5,0,0,0,0
3,35,4,43,8,0,588,0,0
3,36,1,55,9,1489,9619,0,8
3,37,1,50,7,3040,11410,0,7
3,38,4,39,7,0,398,0,0
3,39,2,55,8,0,0,0,0
3,40,3,55,7,0,0,0,0
3,41,3,80,13,0,0,0,0
3,42,2,38,6,0,101,0,0
3,43,2,45,6,0,0,0,0
3,44,1,80,9,2229,9629,0,8
3,45,4,34,5,0,191,0,0
3,46,4,66,12,0,710,0,0
3,47,1,175,27,12471,23151,0,11
3,48,3,56,7,0,352,0,0
3,49,2,44,6,0,185,0,0
3,50,3,119,18,0,0,3,1
3,51,4,39,6,0,319,0,0
3,52,3,61,10,0,295,0,0
3,53,4,26,3,0,655,0,0
3,54,0,0,31,5,3895,0,5
3,55,2,84,12,0,520,6,0
3,56,3,43,6,0,0,0,0
3,57,3,28,4,0,0,0,0
3,58,2,148,21,0,805,0,0
3,59,1,31,5,4082,8212,0,5
3,60,1,90,16,5390,13840,0,8
3,61,1,58,8,1679,10169,0,10
3,62,3,32,5,0,0,0,0
3,63,4,59,9,0,463,0,0
3,64,4,33,4,0,416,0,0
3,65,4,24,4,0,0,0,0
3,66,3,34,5,0,223,0,0
3,67,4,78,10,0,958,10,0
3,68,4,32,5,0,655,0,0
3,69,2,122,18,0,66,0,2
3,70,4,31,5,0,256,0,0
3,71,4,57,8,0,483,0,0
3,72,2,44,7,0,257,0,0
3,73,3,58,8,0,0,0,0
3,74,3,43,8,0,576,0,0
3,75,1,37,6,3586,7836,0,4
3,76,4,55,9,0,198,0,0
3,77,4,30,3,0,0,0,0
3,78,0,0,28,5,2085,2,0
3,79,4,49,8,0,80,0,0
3,80,2,75,10,0,15,6,0
3,81,1,33,5,5082,8132,0,3
3,82,4,45,7,0,368,0,0
3,83,1,47,6,3964,7464,0,3
3,84,1,108,17,1898,11278,12,8
3,85,3,53,8,0,0,0,0
3,86,2,75,12,0,778,0,0
3,87,4,46,7,0,1043,0,0
3,88,2,113,17,0,322,0,0
3,89,3,30,2,0,520,0,0
3,90,2,51,7,0,0,0,0
3,91,4,28,4,0,0,0,0
3,92,1,29,4,4556,7606,0,3
3,93,4,47,7,0,692,2,0
3,94,4,57,9,0,640,0,0
3,95,2,59,8,0,339,0,0
3,96,1,69,10,8083,12833,0,2
3,97,2,93,14,0,559,4,0
3,98,3,67,11,0,643,4,1
3,99,3,79,11,0,522,0,0
3,100,4,41,6,0,8,0,0
3,101,2,103,17,0,477,7,0
3,102,4,33,5,0,298,0,0
3,103,4,42,5,0,381,0,0
3,104,4,39,6,0,223,0,0
3,105,4,142,18,0,227,0,0
3,106,4,50,7,0,139,0,0
3,107,3,41,6,0,0,0,0
3,108,4,46,8,0,465,0,0
3,109,2,102,18,0,607,0,0
3,110,4,19,2,0,470,0,0
3,111,3,36,5,0,272,0,0
3,112,3,49,7,0,801,0,0
3,113,3,109,17,0,494,0,0
3,114,4,35,5,0,379,0,0
3,115,4,38,4,0,202,0,0
3,116,4,53,7,0,651,0,0
3,117,1,66,9,3113,8463,0,6
3,118,4,35,5,0,645,0,0
3,119,2,135,22,0,466,0,0
3,120,3,48,7,0,549,0,0
3,121,4,50,6,0,0,0,0
3,122,4,35,3,0,716,0,0
3,123,4,29,4,0,501,0,0
3,124,2,77,11,0,787,0,0
3,125,1,44,7,3709,9889,0,6
3,126,0,0,32,3843,4903,0,0
3,127,3,46,9,0,0,0,0
3,128,2,79,14,0,0,10,0
3,129,3,33,4,0,0,0,0
3,130,1,47,8,5249,11099,0,6
3,131,0,0,31,588,1388,0,0
3,132,4,31,5,0,170,0,0
3,133,4,46,8,0,322,0,0
3,134,1,69,10,6469,11369,0,6
3,135,4,36,5,0,384,0,0
3,136,3,59,8,0,280,0,0
3,137,3,52,8,0,0,0,0
3,138,1,47,7,1359,7629,10,4
3,139,2,119,17,0,868,0,0
3,140,2,92,13,0,1095,2,0
3,141,4,51,9,0,587,0,0
3,142,2,62,10,0,157,0,0
3,143,4,141,23,0,422,0,0
3,144,1,48,8,4344,7464,0,3
3,145,2,110,16,0,0,0,0
3,146,4,65,10,0,667,0,0
3,147,3,141,23,0,1065,0,0
3,148,4,64,10,0,0,0,0
3,149,3,63,10,0,434,0,0
3,150,3,60,9,0,178,0,0
3,151,1,52,9,4344,9974,0,5
3,152,3,84,13,0,386,0,0
3,153,1,56,8,4145,7965,0,3
3,154,4,34,5,0,636,0,0
3,155,4,42,7,0,0,0,0
3,156,3,61,12,0,634,0,0
3,157,2,61,10,0,0,0,0
3,158,1,89,14,7238,12668,0,3
3,159,2,70,12,0,0,4,0
3,160,0,0,33,5,1935,0,2
3,161,2,50,7,0,0,0,0
3,162,4,56,9,0,320,0,0
3,163,4,46,6,0,649,0,0
3,164,4,67,9,0,22,0,0
3,165,3,31,5,0,0,0,0
3,166,1,44,7,3938,9408,0,6
3,167,1,82,14,8045,13635,0,5
3,168,2,107,15,0,730,0,0
3,169,0,0,33,5,2065,4,1
3,170,2,100,14,0,106,0,0
3,171,2,86,16,0,970,0,2
3,172,4,44,5,0,0,0,0
3,173,4,33,4,0,424,0,0
3,174,1,60,11,2130,9560,0,6
3,175,4,28,4,0,159,0,0
3,176,1,95,16,4449,12789,0,8
3,177,4,42,5,0,73,0,0
3,178,3,32,4,0,0,0,0
3,179,4,111,19,0,0,0,0
3,180,3,52,9,0,414,0,0
3,181,3,49,8,0,686,0,0
3,182,2,104,15,0,1220,4,0
3,183,4,26,3,0,448,0,0
3,184,0,0,33,9605,11305,0,2
3,185,4,77,12,0,219,4,0
3,186,2,68,9,0,0,0,0
3,187,4,15,2,0,628,0,0
3,188,3,103,15,0,820,0,0
3,189,2,72,11,0,411,0,0
3,190,4,27,4,0,475,0,0
3,191,1,39,6,4521,8971,0,8
3,192,4,29,6,0,203,0,0
3,193,1,88,11,4022,7932,0,3
3,194,3,30,4,0,370,0,0
3,195,1,61,10,5227,9007,0,3
3,196,4,35,6,0,656,0,0
3,197,3,52,9,0,704,0,0
3,198,0,0,30,105,3215,6,1
3,199,3,46,7,0,0,0,0
3,200,0,0,29,5,1695,4,2
3,201,2,39,6,0,50,0,0
3,202,4,13,2,0,478,0,0
3,203,3,44,6,0,0,0,0
3,204,1,101,16,1573,10013,0,6
3,205,4,28,4,0,274,0,0
3,206,3,48,11,0,285,0,0
3,207,2,63,10,0,0,0,0
3,208,4,19,3,0,491,8,0
3,209,2,115,18,0,1229,0,0
3,210,2,62,10,0,566,4,0
3,211,4,37,4,0,338,0,0
3,212,4,57,10,0,638,0,0
3,213,4,62,10,0,200,0,0
3,214,4,24,4,0,0,0,0
3,215,2,60,10,0,809,0,0
3,216,4,34,5,0,166,0,0
3,217,3,40,6,0,0,0,0
3,218,4,51,8,0,571,0,2
3,219,3,41,7,0,0,0,0
3,220,2,105,16,0,1051,0,0
3,221,4,28,4,0,336,0,0
3,222,2,61,11,0,367,0,0
3,223,1,79,13,6101,11111,0,3
3,224,2,113,19,0,700,0,0
3,225,3,46,5,0,403,0,0
3,226,3,48,8,0,11,0,0
3,227,1,143,21,1444,8954,3,5
3,228,2,80,11,0,898,9,0
3,229,1,79,12,1862,9822,0,8
3,230,4,46,8,0,0,0,0
3,231,3,48,8,0,1151,0,0
3,232,4,36,7,0,235,0,0
3,233,1,50,8,3069,9989,0,8
3,234,3,40,7,0,698,0,0
3,235,2,46,7,0,356,0,0
3,236,2,67,11,0,1319,0,0
3,237,4,35,7,0,479,0,0
3,238,3,54,9,0,409,0,0
3,239,2,69,10,0,499,0,0
3,240,1,76,12,3450,12400,0,8
3,241,3,62,11,0,495,0,0
3,242,2,92,14,0,942,4,0
3,243,4,39,6,0,527,0,0
3,244,3,38,4,0,0,0,0
3,245,3,42,8,0,0,4,0
3,246,1,85,15,6191,11211,0,5
3,247,4,40,6,0,955,0,0
3,248,2,108,15,0,1128,0,0
3,249,1,45,8,5439,8979,0,3
3,250,3,61,12,0,0,0,0
3,251,1,62,9,5858,11258,0,3
3,252,1,74,11,3047,12657,0,11
3,253,4,39,6,0,480,0,0
3,254,3,61,10,0,581,0,0
3,255,3,37,6,0,335,0,0
3,256,3,62,11,0,485,0,0
3,257,4,54,8,0,462,0,0
3,258,1,56,11,4750,10620,0,6
3,259,1,71,11,1838,9948,6,6
3,260,3,48,7,0,1172,6,0
3,261,4,66,11,0,734,0,0
3,262,2,80,12,0,131,8,0
3,263,0,0,31,5,2045,0,2
3,264,4,35,4,0,768,0,0
3,265,0,0,36,15,3010,0,0
3,266,3,41,7,0,0,0,0
3,267,3,70,8,0,532,0,0
3,268,3,56,9,0,739,0,0
3,269,4,35,7,0,746,0,0
3,270,1,63,8,4867,9427,0,6
3,271,4,39,6,0,132,0,0
3,272,4,40,5,0,0,0,0
3,273,4,32,5,0,213,0,0
3,274,4,36,5,0,459,2,0
3,275,3,37,7,0,1101,0,0
3,276,4,32,6,0,590,0,0
3,277,4,30,3,0,682,0,0
3,278,4,45,7,0,233,0,0
3,279,0,0,29,5,2750,0,2
3,280,1,69,10,6146,9866,0,3
3,281,4,37,5,0,654,0,0
3,282,1,38,6,3768,8658,0,3
3,283,0,0,31,100,6490,23,2
3,284,1,88,12,1055,7365,8,3
3,285,4,53,8,0,601,0,0
3,286,3,37,6,0,23,4,0
3,287,1,137,20,3302,12192,0,8
3,288,1,91,15,2859,9299,0,6
3,289,1,74,12,6510,11020,0,3
3,290,4,43,6,0,497,0,0
3,291,1,45,6,3792,7712,0,3
3,292,3,47,8,0,0,0,0
3,293,4,41,6,0,405,0,0
3,294,4,34,4,0,0,0,0
3,295,4,35,6,0,0,0,0
3,296,2,167,29,0,1365,0,0
3,297,4,43,6,0,616,0,0
3,298,4,35,6,0,338,0,0
3,299,3,69,10,0,764,0,0
3,300,1,59,10,1371,10681,24,3
3,301,4,56,10,0,4,0,0
3,302,1,63,9,4740,10800,0,5
3,303,3,41,6,0,31,0,0
3,304,4,17,4,0,0,0,0
3,305,1,131,22,9742,15632,0,4
3,306,4,32,5,0,0,0,0
3,307,3,50,8,0,0,0,0
3,308,3,48,7,0,0,0,0
3,309,2,84,14,0,554,0,2
3,310,1,80,13,3216,8276,0,6
3,311,1,93,15,6291,13471,0,7
3,312,2,90,13,0,0,0,0
3,313,4,32,5,0,0,0,0
3,314,3,96,16,0,405,0,0
3,315,3,49,7,0,0,0,0
3,316,4,55,8,0,0,0,0
3,317,1,69,13,3197,11207,0,5
3,318,4,42,6,0,95,0,0
3,319,1,54,9,2054,9744,12,4
3,320,3,59,8,0,0,4,0
3,321,4,41,7,0,529,0,0
3,322,3,58,11,0,230,0,0
3,323,3,33,5,0,27,0,0
3,324,3,64,10,0,986,2,0
3,325,4,22,4,0,221,0,0
3,326,4,51,8,0,375,0,0
3,327,3,47,8,0,0,0,0
3,328,4,34,6,0,471,0,0
3,329,4,41,6,0,217,0,0
3,330,2,39,6,0,190,0,0
3,331,1,134,21,8979,13669,0,2
3,332,1,82,14,6071,10561,0,5
3,333,3,49,8,0,344,0,0
3,334,2,61,10,0,654,0,0
3,335,4,19,2,0,0,0,0
3,336,0,0,30,119,2964,17,1
3,337,3,47,9,0,550,0,0
3,338,2,66,11,0,115,0,0
3,339,4,28,4,0,0,0,0
3,340,4,36,5,0,0,0,0
3,341,3,28,6,0,216,0,0
3,342,4,43,7,0,755,0,0
3,343,2,90,13,0,290,0,0
3,344,4,31,5,0,285,0,0
3,345,2,110,18,0,1045,0,0
3,346,4,38,6,0,267,0,0
3,347,4,44,7,0,628,0,0
3,348,2,59,7,0,546,0,0
3,349,4,34,5,0,388,0,0
3,350,3,79,11,0,525,0,0
3,351,4,36,5,0,0,0,0
3,352,3,53,8,0,244,0,0
3,353,3,55,8,0,322,0,0
3,354,4,19,3,0,414,0,0
3,355,3,105,17,0,654,0,0
3,356,4,28,6,0,732,0,0
3,357,4,37,6,0,152,0,0
3,358,4,51,8,0,385,0,0
3,359,4,47,6,0,402,0,0
3,360,4,45,7,0,94,0,0
3,361,3,52,6,0,655,4,0
3,362,3,58,9,0,78,0,0
3,363,1,47,7,5789,10339,0,4
3,364,3,53,7,0,0,0,0
3,365,4,39,6,0,124,0,0
3,366,4,58,9,0,0,0,0
3,367,4,50,9,0,97,0,0
3,368,4,51,7,0,0,0,0
3,369,4,41,7,0,809,4,0
3,370,3,86,13,0,0,0,0
3,371,4,32,5,0,342,0,0
3,372,4,74,12,0,0,0,0
3,373,1,127,23,1385,11645,6,8
3,374,4,33,5,0,0,0,0
3,375,2,44,7,0,0,0,0
3,376,4,52,5,0,0,0,0
3,377,3,76,13,0,0,0,0
3,378,1,63,9,4252,12612,0,8
3,379,3,84,12,0,139,0,0
3,380,3,23,1,0,110,0,0
3,381,4,69,12,0,460,4,0
3,382,4,40,7,0,825,0,0
3,383,1,58,8,6973,11093,0,5
3,384,3,52,7,0,0,0,0
3,385,4,35,5,0,390,0,0
3,386,2,58,9,0,0,0,0
3,387,3,121,18,0,81,0,0
3,388,4,30,6,0,423,0,0
3,389,4,36,5,0,304,0,0
3,390,4,44,9,0,638,0,0
3,391,1,39,7,2644,9134,0,5
3,392,4,45,6,0,85,0,0
3,393,4,43,6,0,0,0,0
3,394,4,16,2,0,241,0,0
3,395,3,44,8,0,126,0,0
3,396,4,50,9,0,991,0,0
3,397,3,55,8,0,1204,0,0
3,398,1,83,14,1950,9910,0,6
3,399,0,0,34,205,1515,8,2
3,400,4,48,7,0,461,0,0
3,401,2,48,7,0,128,0,0
3,402,2,91,14,0,329,6,0
3,403,2,91,14,0,0,0,0
3,404,2,76,12,0,493,0,0
3,405,4,51,9,0,239,0,0
3,406,3,86,15,0,989,0,0
3,407,1,41,6,4064,7934,0,2
3,408,3,59,10,0,665,0,0
3,409,3,55,8,0,623,0,0
3,410,2,56,9,0,735,0,0
3,411,1,48,6,5505,10175,0,2
3,412,4,39,7,0,0,0,0
3,413,2,45,7,0,0,4,0
3,414,4,34,6,0,463,0,0
3,415,1,54,8,4890,10870,0,6
3,416,3,67,10,0,0,0,0
3,417,1,103,16,2779,10259,0,7
3,418,3,30,3,0,0,0,0
3,419,3,40,5,0,186,0,0
3,420,1,90,16,4054,10664,0,5
3,421,4,51,8,0,12,0,0
3,422,1,47,7,2978,8858,0,6
3,423,3,36,6,0,0,0,0
3,424,4,48,7,0,0,0,0
3,425,4,56,7,0,243,0,0
3,426,3,44,8,0,716,0,0
3,427,2,125,21,0,769,6,0
3,428,4,34,5,0,206,0,0
3,429,0,0,33,5,2075,3,0
3,430,2,131,19,0,240,0,0
3,431,3,54,9,0,799,0,0
3,432,2,103,20,0,836,9,0
3,433,3,57,10,0,0,0,0
3,434,4,21,3,0,510,0,0
3,435,4,128,19,0,1088,0,0
3,436,4,28,6,0,564,0,0
3,437,1,47,5,3070,9060,0,9
3,438,2,96,15,0,472,0,0
3,439,1,50,8,3609,9059,0,3
3,440,4,61,11,0,788,0,0
3,441,1,44,6,4092,8802,0,5
3,442,3,71,12,0,836,8,0
3,443,3,43,5,0,548,0,0
3,444,4,39,6,0,681,0,0
3,445,3,67,12,0,877,0,0
3,446,2,81,12,0,917,4,0
3,447,3,52,7,0,713,0,0
3,448,2,70,13,0,330,0,0
3,449,4,48,9,0,657,0,0
3,450,3,41,6,0,107,0,0
3,451,3,57,9,0,878,0,0
3,452,4,38,5,0,0,0,0
3,453,1,49,6,2030,9600,0,8
3,454,4,34,5,0,669,0,0
3,455,4,39,6,0,0,0,0
3,456,3,58,9,0,72,0,0
3,457,4,36,6,0,477,0,0
3,458,2,104,15,0,0,8,0
3,459,1,36,5,3791,7901,0,5
3,460,4,63,11,0,839,0,0
3,461,2,59,10,0,839,0,0
3,462,4,32,6,0,288,0,0
3,463,3,48,8,0,516,0,0
3,464,4,32,5,0,150,0,0
3,465,3,62,10,0,26,0,0
3,466,2,51,9,0,0,6,0
3,467,3,46,8,0,495,0,0
3,468,2,65,11,0,0,0,0
3,469,2,61,9,0,0,0,0
3,470,3,38,7,0,228,0,0
3,471,0,0,31,5,5705,0,2
3,472,1,90,15,2635,9745,0,7
3,473,3,35,5,0,117,6,0
3,474,2,79,10,0,322,0,0
3,475,3,61,11,0,450,0,0
3,476,4,35,4,0,0,0,0
3,477,4,53,9,0,321,0,0
3,478,4,19,3,0,421,0,0
3,479,2,42,8,0,597,0,0
3,480,2,49,5,0,29,0,0
3,481,3,27,4,0,0,0,0
3,482,2,60,9,0,647,0,0
3,483,1,90,14,3792,11292,0,8
3,484,4,28,4,0,543,0,0
3,485,4,40,5,0,515,0,0
3,486,1,72,11,3962,12132,0,6
3,487,3,36,7,0,99,0,0
3,488,3,108,15,0,287,0,0
3,489,4,51,8,0,0,0,0
3,490,1,75,10,3045,8255,0,5
3,491,4,39,6,0,340,0,0
3,492,0,0,32,261,1946,8,2
3,493,3,44,8,0,813,0,0
3,494,2,82,13,0,263,4,0
3,495,2,52,7,0,0,0,0
3,496,1,66,10,4725,10325,0,3
3,497,4,46,7,0,0,0,0
3,498,1,45,9,4160,8990,0,3
3,499,2,78,12,0,619,0,0
